"Condition","expLevelMean","expLevelSd","prolifRateMean","prolifRateSd"
"Knock Down",2.2451307848,0.446488747443963,13.672135506,3.25465012728249
"Overexpression",23.069481523,2.79366800482181,6.1163501097,2.55404240447384
"Wild Type",10.1939958384,3.80329490523516,9.9133079914,2.90047962167885
